list,rank,name,stars,delta,is_new,score,verified,category,created,pushed,url
category:视觉:stars,1,anywhere-labs/dsh-desktop,29146,67,0,3,1,视觉,2026-08-13T16:30:50Z,2026-09-25T22:27:38Z,https://github.com/anywhere-labs/dsh-desktop
category:视觉:stars,2,dataelement/dsh-desktop,9893,277,0,5,1,视觉,2026-08-13T13:45:50Z,2026-09-26T12:28:49Z,https://github.com/dataelement/dsh-desktop
category:视觉:stars,3,dsh-market/dsh-market,4676,35,0,3,1,视觉,2026-08-14T04:58:15Z,2026-09-27T06:17:54Z,https://github.com/dsh-market/dsh-market
category:视觉:stars,4,ccch1mneyyy/dsh-TUI,3566,215,0,3,1,视觉,2026-08-13T12:49:31Z,2026-09-27T11:19:59Z,https://github.com/ccch1mneyyy/dsh-TUI
category:视觉:stars,5,MeteorNOX/DeepSeek-Balance-Whale-Widget,3233,37,0,3,1,视觉,2026-08-18T03:13:51Z,2026-09-26T15:27:41Z,https://github.com/MeteorNOX/DeepSeek-Balance-Whale-Widget
category:视觉:stars,6,dsh-tauri/deepseek-harness-desktop,2731,18,0,3,1,视觉,2026-08-14T02:36:29Z,2026-09-27T01:52:00Z,https://github.com/dsh-tauri/deepseek-harness-desktop
category:视觉:stars,7,Small-tailqwq/dsh-deep-whale,2223,1,0,1,0,视觉,2026-08-13T13:02:14Z,2026-09-26T04:53:22Z,https://github.com/Small-tailqwq/dsh-deep-whale
category:视觉:stars,8,Devin-AXIS/deepseek-design,1595,21,0,1,0,视觉,2026-08-15T13:08:53Z,2026-09-04T10:40:28Z,https://github.com/Devin-AXIS/deepseek-design
category:视觉:stars,9,bowenliang123/dsh-context,1541,5,0,3,1,视觉,2026-08-14T08:23:28Z,2026-09-27T01:26:34Z,https://github.com/bowenliang123/dsh-context
category:视觉:stars,10,ysr666/dsh-vision-router,1121,1,0,3,1,视觉,2026-08-13T18:57:47Z,2026-09-27T09:32:43Z,https://github.com/ysr666/dsh-vision-router
category:视觉:delta,1,dataelement/dsh-desktop,9893,277,0,5,1,视觉,2026-08-13T13:45:50Z,2026-09-26T12:28:49Z,https://github.com/dataelement/dsh-desktop
category:视觉:delta,2,ccch1mneyyy/dsh-TUI,3566,215,0,3,1,视觉,2026-08-13T12:49:31Z,2026-09-27T11:19:59Z,https://github.com/ccch1mneyyy/dsh-TUI
category:视觉:delta,3,anywhere-labs/dsh-desktop,29146,67,0,3,1,视觉,2026-08-13T16:30:50Z,2026-09-25T22:27:38Z,https://github.com/anywhere-labs/dsh-desktop
category:视觉:delta,4,MeteorNOX/DeepSeek-Balance-Whale-Widget,3233,37,0,3,1,视觉,2026-08-18T03:13:51Z,2026-09-26T15:27:41Z,https://github.com/MeteorNOX/DeepSeek-Balance-Whale-Widget
category:视觉:delta,5,dsh-market/dsh-market,4676,35,0,3,1,视觉,2026-08-14T04:58:15Z,2026-09-27T06:17:54Z,https://github.com/dsh-market/dsh-market
category:视觉:delta,6,Devin-AXIS/deepseek-design,1595,21,0,1,0,视觉,2026-08-15T13:08:53Z,2026-09-04T10:40:28Z,https://github.com/Devin-AXIS/deepseek-design
category:视觉:delta,7,dsh-tauri/deepseek-harness-desktop,2731,18,0,3,1,视觉,2026-08-14T02:36:29Z,2026-09-27T01:52:00Z,https://github.com/dsh-tauri/deepseek-harness-desktop
category:视觉:delta,8,jingyunstudio/jingyun-dsh,690,16,0,5,1,视觉,2026-08-27T11:28:30Z,2026-09-23T08:03:31Z,https://github.com/jingyunstudio/jingyun-dsh
category:视觉:delta,9,PC2005-cloud/dsh-pet,790,7,0,1,0,视觉,2026-08-14T00:38:45Z,2026-09-24T04:30:17Z,https://github.com/PC2005-cloud/dsh-pet
category:视觉:delta,10,bowenliang123/dsh-context,1541,5,0,3,1,视觉,2026-08-14T08:23:28Z,2026-09-27T01:26:34Z,https://github.com/bowenliang123/dsh-context
category:视觉:active,1,ccch1mneyyy/dsh-TUI,3566,215,0,3,1,视觉,2026-08-13T12:49:31Z,2026-09-27T11:19:59Z,https://github.com/ccch1mneyyy/dsh-TUI
category:视觉:active,2,RevolutionLA/dsh-dream-skin,188,0,0,,0,视觉,2026-08-15T02:38:54Z,2026-09-27T10:27:05Z,https://github.com/RevolutionLA/dsh-dream-skin
category:视觉:active,3,ysr666/dsh-vision-router,1121,1,0,3,1,视觉,2026-08-13T18:57:47Z,2026-09-27T09:32:43Z,https://github.com/ysr666/dsh-vision-router
category:视觉:active,4,kelai141/dsh-mobile-apk,549,3,0,1,0,视觉,2026-08-13T23:55:34Z,2026-09-27T07:33:34Z,https://github.com/kelai141/dsh-mobile-apk
category:视觉:active,5,dsh-market/dsh-market,4676,35,0,3,1,视觉,2026-08-14T04:58:15Z,2026-09-27T06:17:54Z,https://github.com/dsh-market/dsh-market
category:视觉:active,6,Han-1413141/dsh-cost-meter,340,1,0,,0,视觉,2026-08-13T14:57:55Z,2026-09-27T05:13:10Z,https://github.com/Han-1413141/dsh-cost-meter
category:视觉:active,7,wssfk12138/dsh-damage-pulse,206,3,0,,0,视觉,2026-08-17T03:23:58Z,2026-09-27T04:38:47Z,https://github.com/wssfk12138/dsh-damage-pulse
category:视觉:active,8,omdsh-dev/dsh-genui,483,2,0,3,1,视觉,2026-08-13T13:07:52Z,2026-09-27T04:09:44Z,https://github.com/omdsh-dev/dsh-genui
category:视觉:active,9,Clarklevis1995/dsh-mobile,365,4,0,,0,视觉,2026-08-17T15:52:40Z,2026-09-27T02:45:34Z,https://github.com/Clarklevis1995/dsh-mobile
category:视觉:active,10,dsh-tauri/deepseek-harness-desktop,2731,18,0,3,1,视觉,2026-08-14T02:36:29Z,2026-09-27T01:52:00Z,https://github.com/dsh-tauri/deepseek-harness-desktop
category:视觉:newest,1,zhu1090093659/dsh-trading,211,0,0,,0,视觉,2026-08-30T08:38:53Z,2026-09-19T01:54:00Z,https://github.com/zhu1090093659/dsh-trading
category:视觉:newest,2,jingyunstudio/jingyun-dsh,690,16,0,5,1,视觉,2026-08-27T11:28:30Z,2026-09-23T08:03:31Z,https://github.com/jingyunstudio/jingyun-dsh
category:视觉:newest,3,ZSeven-W/dsh-ios,308,0,0,,0,视觉,2026-08-19T18:02:50Z,2026-09-24T21:40:18Z,https://github.com/ZSeven-W/dsh-ios
category:视觉:newest,4,MeteorNOX/DeepSeek-Balance-Whale-Widget,3233,37,0,3,1,视觉,2026-08-18T03:13:51Z,2026-09-26T15:27:41Z,https://github.com/MeteorNOX/DeepSeek-Balance-Whale-Widget
category:视觉:newest,5,See-Sol-Lab/DeepSeekGUI,235,0,0,,0,视觉,2026-08-17T19:36:28Z,2026-09-26T05:48:53Z,https://github.com/See-Sol-Lab/DeepSeekGUI
category:视觉:newest,6,corrinehu/dsh-workbuddy-connect,216,1,0,,0,视觉,2026-08-17T19:02:44Z,2026-09-26T06:37:01Z,https://github.com/corrinehu/dsh-workbuddy-connect
category:视觉:newest,7,Clarklevis1995/dsh-mobile,365,4,0,,0,视觉,2026-08-17T15:52:40Z,2026-09-27T02:45:34Z,https://github.com/Clarklevis1995/dsh-mobile
category:视觉:newest,8,op7418/pilot-harness,277,0,0,,0,视觉,2026-08-17T06:56:42Z,2026-09-10T20:06:01Z,https://github.com/op7418/pilot-harness
category:视觉:newest,9,wssfk12138/dsh-damage-pulse,206,3,0,,0,视觉,2026-08-17T03:23:58Z,2026-09-27T04:38:47Z,https://github.com/wssfk12138/dsh-damage-pulse
category:视觉:newest,10,elysia395/dsh-wallpaper-engine,366,5,0,,0,视觉,2026-08-16T16:04:08Z,2026-09-27T01:27:53Z,https://github.com/elysia395/dsh-wallpaper-engine
category:工作流:stars,1,yjh051108/dsh-routing-suite,6996,-5,0,3,1,工作流,2026-08-14T21:20:55Z,2026-09-18T23:10:58Z,https://github.com/yjh051108/dsh-routing-suite
category:工作流:stars,2,xiaobright/dsh-anchored-standard,3792,-3,0,3,1,工作流,2026-08-14T14:06:39Z,2026-09-10T05:00:13Z,https://github.com/xiaobright/dsh-anchored-standard
category:工作流:stars,3,dream-num/univer-workspace,1638,399,0,3,1,工作流,2026-08-14T09:24:34Z,2026-09-27T03:06:17Z,https://github.com/dream-num/univer-workspace
category:工作流:stars,4,xmanrui/dsh-im,1514,1,0,3,1,工作流,2026-08-14T20:40:06Z,2026-09-27T02:23:11Z,https://github.com/xmanrui/dsh-im
category:工作流:stars,5,Tiger3807861189/GLM-5.3-Flash-J-Space-Capability-Realization-Report,1026,0,0,1,0,工作流,2026-08-16T11:38:42Z,2026-09-05T05:51:45Z,https://github.com/Tiger3807861189/GLM-5.3-Flash-J-Space-Capability-Realization-Report
category:工作流:stars,6,LivXue/dsh-plugin-shop,935,5,0,3,1,工作流,2026-08-25T05:16:32Z,2026-09-27T11:06:10Z,https://github.com/LivXue/dsh-plugin-shop
category:工作流:stars,7,Electricitysheep/dsh-handbook,814,2,0,1,0,工作流,2026-08-13T15:22:29Z,2026-09-07T02:21:37Z,https://github.com/Electricitysheep/dsh-handbook
category:工作流:stars,8,Aisland-SJL/dsh-worktable,677,0,0,1,0,工作流,2026-08-16T15:43:27Z,2026-09-06T06:28:21Z,https://github.com/Aisland-SJL/dsh-worktable
category:工作流:stars,9,Clearailhc/clearai-dsh,635,25,0,3,1,工作流,2026-09-12T12:58:44Z,2026-09-23T12:00:49Z,https://github.com/Clearailhc/clearai-dsh
category:工作流:stars,10,antibrow/dsh-antibrow,574,4,0,3,1,工作流,2026-08-17T01:46:18Z,2026-09-12T07:39:10Z,https://github.com/antibrow/dsh-antibrow
category:工作流:delta,1,dream-num/univer-workspace,1638,399,0,3,1,工作流,2026-08-14T09:24:34Z,2026-09-27T03:06:17Z,https://github.com/dream-num/univer-workspace
category:工作流:delta,2,zouyuxuan122/dsh-our-free-model,267,46,0,,0,工作流,2026-09-24T16:17:19Z,2026-09-27T09:32:50Z,https://github.com/zouyuxuan122/dsh-our-free-model
category:工作流:delta,3,Clearailhc/clearai-dsh,635,25,0,3,1,工作流,2026-09-12T12:58:44Z,2026-09-23T12:00:49Z,https://github.com/Clearailhc/clearai-dsh
category:工作流:delta,4,Devin-AXIS/jev-dsh-decision,221,17,0,,0,工作流,2026-09-20T04:39:05Z,2026-09-20T04:59:32Z,https://github.com/Devin-AXIS/jev-dsh-decision
category:工作流:delta,5,Miaotofu01/Study-Mate,345,13,0,,0,工作流,2026-09-17T19:36:05Z,2026-09-27T06:15:25Z,https://github.com/Miaotofu01/Study-Mate
category:工作流:delta,6,dream-num/dsh-univer-office,415,8,0,3,1,工作流,2026-08-15T16:29:45Z,2026-09-24T18:21:51Z,https://github.com/dream-num/dsh-univer-office
category:工作流:delta,7,toolclub/dsh-agent-team-gui,278,8,0,,0,工作流,2026-08-15T03:40:19Z,2026-09-21T06:28:53Z,https://github.com/toolclub/dsh-agent-team-gui
category:工作流:delta,8,FuRongJun-1999/dsh-memory,266,8,0,,0,工作流,2026-08-14T13:28:26Z,2026-09-27T11:01:58Z,https://github.com/FuRongJun-1999/dsh-memory
category:工作流:delta,9,shanliuling/dsh-image-gen,497,7,0,3,1,工作流,2026-08-17T10:16:37Z,2026-09-26T07:14:24Z,https://github.com/shanliuling/dsh-image-gen
category:工作流:delta,10,flizzywine/dsh-tavern,523,6,0,3,1,工作流,2026-08-16T13:07:23Z,2026-09-27T05:09:23Z,https://github.com/flizzywine/dsh-tavern
category:工作流:active,1,LivXue/dsh-plugin-shop,935,5,0,3,1,工作流,2026-08-25T05:16:32Z,2026-09-27T11:06:10Z,https://github.com/LivXue/dsh-plugin-shop
category:工作流:active,2,FuRongJun-1999/dsh-memory,266,8,0,,0,工作流,2026-08-14T13:28:26Z,2026-09-27T11:01:58Z,https://github.com/FuRongJun-1999/dsh-memory
category:工作流:active,3,imsai-sh/awesome-deepseek-harness-plugins,251,0,0,,0,工作流,2026-08-14T05:53:47Z,2026-09-27T10:30:39Z,https://github.com/imsai-sh/awesome-deepseek-harness-plugins
category:工作流:active,4,zouyuxuan122/dsh-our-free-model,267,46,0,,0,工作流,2026-09-24T16:17:19Z,2026-09-27T09:32:50Z,https://github.com/zouyuxuan122/dsh-our-free-model
category:工作流:active,5,Dominic789654/awesome-deepseek-harness,353,0,0,,0,工作流,2026-08-13T13:54:05Z,2026-09-27T09:02:12Z,https://github.com/Dominic789654/awesome-deepseek-harness
category:工作流:active,6,acryldev/acryl,258,1,0,,0,工作流,2026-08-25T15:53:56Z,2026-09-27T07:59:47Z,https://github.com/acryldev/acryl
category:工作流:active,7,Nwflower/dsh-chat-import,203,1,0,,0,工作流,2026-08-13T14:21:58Z,2026-09-27T07:50:46Z,https://github.com/Nwflower/dsh-chat-import
category:工作流:active,8,Miaotofu01/Study-Mate,345,13,0,,0,工作流,2026-09-17T19:36:05Z,2026-09-27T06:15:25Z,https://github.com/Miaotofu01/Study-Mate
category:工作流:active,9,flizzywine/dsh-tavern,523,6,0,3,1,工作流,2026-08-16T13:07:23Z,2026-09-27T05:09:23Z,https://github.com/flizzywine/dsh-tavern
category:工作流:active,10,dream-num/univer-workspace,1638,399,0,3,1,工作流,2026-08-14T09:24:34Z,2026-09-27T03:06:17Z,https://github.com/dream-num/univer-workspace
category:工作流:newest,1,zouyuxuan122/dsh-our-free-model,267,46,0,,0,工作流,2026-09-24T16:17:19Z,2026-09-27T09:32:50Z,https://github.com/zouyuxuan122/dsh-our-free-model
category:工作流:newest,2,Devin-AXIS/jev-dsh-decision,221,17,0,,0,工作流,2026-09-20T04:39:05Z,2026-09-20T04:59:32Z,https://github.com/Devin-AXIS/jev-dsh-decision
category:工作流:newest,3,VDERR/dsh-echocat-skill-panel,196,0,0,,0,工作流,2026-09-18T00:02:34Z,2026-09-24T10:38:21Z,https://github.com/VDERR/dsh-echocat-skill-panel
category:工作流:newest,4,Miaotofu01/Study-Mate,345,13,0,,0,工作流,2026-09-17T19:36:05Z,2026-09-27T06:15:25Z,https://github.com/Miaotofu01/Study-Mate
category:工作流:newest,5,Clearailhc/clearai-dsh,635,25,0,3,1,工作流,2026-09-12T12:58:44Z,2026-09-23T12:00:49Z,https://github.com/Clearailhc/clearai-dsh
category:工作流:newest,6,acryldev/acryl,258,1,0,,0,工作流,2026-08-25T15:53:56Z,2026-09-27T07:59:47Z,https://github.com/acryldev/acryl
category:工作流:newest,7,pax-beehive/dsh-hub-cli,458,0,0,3,1,工作流,2026-08-25T06:09:32Z,2026-09-22T05:24:50Z,https://github.com/pax-beehive/dsh-hub-cli
category:工作流:newest,8,LivXue/dsh-plugin-shop,935,5,0,3,1,工作流,2026-08-25T05:16:32Z,2026-09-27T11:06:10Z,https://github.com/LivXue/dsh-plugin-shop
category:工作流:newest,9,1692775560/dsh-Mimir-Academic-research,541,1,0,3,1,工作流,2026-08-20T13:46:05Z,2026-09-26T14:29:42Z,https://github.com/1692775560/dsh-Mimir-Academic-research
category:工作流:newest,10,zenstory-ai/oh-story-dsh,411,2,0,3,1,工作流,2026-08-19T15:27:01Z,2026-09-26T05:14:28Z,https://github.com/zenstory-ai/oh-story-dsh
category:终端:stars,1,awesome-dsh-plugin/awesome-dsh-plugin,17028,44,0,3,1,终端,2026-08-13T13:55:31Z,2026-09-26T16:23:55Z,https://github.com/awesome-dsh-plugin/awesome-dsh-plugin
category:终端:stars,2,shaobeichen/dsh-pocket,1376,8,0,3,1,终端,2026-08-15T09:36:29Z,2026-09-16T16:08:58Z,https://github.com/shaobeichen/dsh-pocket
category:终端:stars,3,liangmianya/dsh-synapse,432,2,0,3,1,终端,2026-08-16T18:14:17Z,2026-08-26T13:12:24Z,https://github.com/liangmianya/dsh-synapse
category:终端:stars,4,hikariming/dshfind,268,1,0,,0,终端,2026-08-13T12:16:50Z,2026-09-27T08:36:37Z,https://github.com/hikariming/dshfind
category:终端:stars,5,liguobao/ds-harness-remote,224,1,0,,0,终端,2026-08-14T15:33:53Z,2026-09-26T18:30:06Z,https://github.com/liguobao/ds-harness-remote
category:终端:stars,6,e2mcc/dsh-popout-sidebar,209,-1,0,,0,终端,2026-08-15T12:21:46Z,2026-08-20T16:51:38Z,https://github.com/e2mcc/dsh-popout-sidebar
category:终端:stars,7,Ruler4396/dsh-launcher,207,-1,0,,0,终端,2026-08-13T13:27:09Z,2026-09-26T04:26:34Z,https://github.com/Ruler4396/dsh-launcher
category:终端:delta,1,awesome-dsh-plugin/awesome-dsh-plugin,17028,44,0,3,1,终端,2026-08-13T13:55:31Z,2026-09-26T16:23:55Z,https://github.com/awesome-dsh-plugin/awesome-dsh-plugin
category:终端:delta,2,shaobeichen/dsh-pocket,1376,8,0,3,1,终端,2026-08-15T09:36:29Z,2026-09-16T16:08:58Z,https://github.com/shaobeichen/dsh-pocket
category:终端:delta,3,liangmianya/dsh-synapse,432,2,0,3,1,终端,2026-08-16T18:14:17Z,2026-08-26T13:12:24Z,https://github.com/liangmianya/dsh-synapse
category:终端:delta,4,hikariming/dshfind,268,1,0,,0,终端,2026-08-13T12:16:50Z,2026-09-27T08:36:37Z,https://github.com/hikariming/dshfind
category:终端:delta,5,liguobao/ds-harness-remote,224,1,0,,0,终端,2026-08-14T15:33:53Z,2026-09-26T18:30:06Z,https://github.com/liguobao/ds-harness-remote
category:终端:delta,6,e2mcc/dsh-popout-sidebar,209,-1,0,,0,终端,2026-08-15T12:21:46Z,2026-08-20T16:51:38Z,https://github.com/e2mcc/dsh-popout-sidebar
category:终端:delta,7,Ruler4396/dsh-launcher,207,-1,0,,0,终端,2026-08-13T13:27:09Z,2026-09-26T04:26:34Z,https://github.com/Ruler4396/dsh-launcher
category:终端:active,1,hikariming/dshfind,268,1,0,,0,终端,2026-08-13T12:16:50Z,2026-09-27T08:36:37Z,https://github.com/hikariming/dshfind
category:终端:active,2,liguobao/ds-harness-remote,224,1,0,,0,终端,2026-08-14T15:33:53Z,2026-09-26T18:30:06Z,https://github.com/liguobao/ds-harness-remote
category:终端:active,3,awesome-dsh-plugin/awesome-dsh-plugin,17028,44,0,3,1,终端,2026-08-13T13:55:31Z,2026-09-26T16:23:55Z,https://github.com/awesome-dsh-plugin/awesome-dsh-plugin
category:终端:active,4,Ruler4396/dsh-launcher,207,-1,0,,0,终端,2026-08-13T13:27:09Z,2026-09-26T04:26:34Z,https://github.com/Ruler4396/dsh-launcher
category:终端:active,5,shaobeichen/dsh-pocket,1376,8,0,3,1,终端,2026-08-15T09:36:29Z,2026-09-16T16:08:58Z,https://github.com/shaobeichen/dsh-pocket
category:终端:active,6,liangmianya/dsh-synapse,432,2,0,3,1,终端,2026-08-16T18:14:17Z,2026-08-26T13:12:24Z,https://github.com/liangmianya/dsh-synapse
category:终端:active,7,e2mcc/dsh-popout-sidebar,209,-1,0,,0,终端,2026-08-15T12:21:46Z,2026-08-20T16:51:38Z,https://github.com/e2mcc/dsh-popout-sidebar
category:终端:newest,1,liangmianya/dsh-synapse,432,2,0,3,1,终端,2026-08-16T18:14:17Z,2026-08-26T13:12:24Z,https://github.com/liangmianya/dsh-synapse
category:终端:newest,2,e2mcc/dsh-popout-sidebar,209,-1,0,,0,终端,2026-08-15T12:21:46Z,2026-08-20T16:51:38Z,https://github.com/e2mcc/dsh-popout-sidebar
category:终端:newest,3,shaobeichen/dsh-pocket,1376,8,0,3,1,终端,2026-08-15T09:36:29Z,2026-09-16T16:08:58Z,https://github.com/shaobeichen/dsh-pocket
category:终端:newest,4,liguobao/ds-harness-remote,224,1,0,,0,终端,2026-08-14T15:33:53Z,2026-09-26T18:30:06Z,https://github.com/liguobao/ds-harness-remote
category:终端:newest,5,awesome-dsh-plugin/awesome-dsh-plugin,17028,44,0,3,1,终端,2026-08-13T13:55:31Z,2026-09-26T16:23:55Z,https://github.com/awesome-dsh-plugin/awesome-dsh-plugin
category:终端:newest,6,Ruler4396/dsh-launcher,207,-1,0,,0,终端,2026-08-13T13:27:09Z,2026-09-26T04:26:34Z,https://github.com/Ruler4396/dsh-launcher
category:终端:newest,7,hikariming/dshfind,268,1,0,,0,终端,2026-08-13T12:16:50Z,2026-09-27T08:36:37Z,https://github.com/hikariming/dshfind
category:其他:stars,1,YuJunZhiXue/dsh-purge,2399,40,0,3,1,其他,2026-08-19T07:41:12Z,2026-09-27T11:02:40Z,https://github.com/YuJunZhiXue/dsh-purge
category:其他:stars,2,Minglink/dsh-infinite-gen-4,2073,13,0,3,1,其他,2026-08-15T15:47:15Z,2026-09-23T15:22:22Z,https://github.com/Minglink/dsh-infinite-gen-4
category:其他:stars,3,SeaOf0/dsh-redteam-model,634,5,0,3,1,其他,2026-08-17T08:01:04Z,2026-09-24T11:58:47Z,https://github.com/SeaOf0/dsh-redteam-model
category:其他:stars,4,howmp/dsh-pentest,554,2,0,3,1,其他,2026-08-15T14:30:35Z,2026-09-22T11:17:05Z,https://github.com/howmp/dsh-pentest
category:其他:stars,5,yyh-001/DSH-X,538,15,0,3,1,其他,2026-09-03T06:07:15Z,2026-09-27T09:36:50Z,https://github.com/yyh-001/DSH-X
category:其他:stars,6,FSMargoo/dsh-at-file,514,1,0,3,1,其他,2026-08-13T12:00:09Z,2026-09-01T01:00:35Z,https://github.com/FSMargoo/dsh-at-file
category:其他:stars,7,bruc3van/awesome-dsh-plugin,367,0,0,,0,其他,2026-08-13T13:24:25Z,2026-09-27T03:20:36Z,https://github.com/bruc3van/awesome-dsh-plugin
category:其他:stars,8,Mars-Sea/dsh-commandcode-provider,337,0,0,,0,其他,2026-08-14T11:38:54Z,2026-09-27T01:32:46Z,https://github.com/Mars-Sea/dsh-commandcode-provider
category:其他:stars,9,DDDMUC/dsh-free-search,258,4,0,,0,其他,2026-08-14T16:42:17Z,2026-09-24T15:59:05Z,https://github.com/DDDMUC/dsh-free-search
category:其他:stars,10,zh667/TokenLedger,203,0,0,,0,其他,2026-08-14T08:32:47Z,2026-09-15T06:42:08Z,https://github.com/zh667/TokenLedger
category:其他:delta,1,YuJunZhiXue/dsh-purge,2399,40,0,3,1,其他,2026-08-19T07:41:12Z,2026-09-27T11:02:40Z,https://github.com/YuJunZhiXue/dsh-purge
category:其他:delta,2,yyh-001/DSH-X,538,15,0,3,1,其他,2026-09-03T06:07:15Z,2026-09-27T09:36:50Z,https://github.com/yyh-001/DSH-X
category:其他:delta,3,Minglink/dsh-infinite-gen-4,2073,13,0,3,1,其他,2026-08-15T15:47:15Z,2026-09-23T15:22:22Z,https://github.com/Minglink/dsh-infinite-gen-4
category:其他:delta,4,SeaOf0/dsh-redteam-model,634,5,0,3,1,其他,2026-08-17T08:01:04Z,2026-09-24T11:58:47Z,https://github.com/SeaOf0/dsh-redteam-model
category:其他:delta,5,DDDMUC/dsh-free-search,258,4,0,,0,其他,2026-08-14T16:42:17Z,2026-09-24T15:59:05Z,https://github.com/DDDMUC/dsh-free-search
category:其他:delta,6,howmp/dsh-pentest,554,2,0,3,1,其他,2026-08-15T14:30:35Z,2026-09-22T11:17:05Z,https://github.com/howmp/dsh-pentest
category:其他:delta,7,FSMargoo/dsh-at-file,514,1,0,3,1,其他,2026-08-13T12:00:09Z,2026-09-01T01:00:35Z,https://github.com/FSMargoo/dsh-at-file
category:其他:delta,8,PerryLink/dsh-research-report,175,1,0,,0,其他,2026-08-19T14:06:05Z,2026-09-25T01:36:00Z,https://github.com/PerryLink/dsh-research-report
category:其他:delta,9,bruc3van/awesome-dsh-plugin,367,0,0,,0,其他,2026-08-13T13:24:25Z,2026-09-27T03:20:36Z,https://github.com/bruc3van/awesome-dsh-plugin
category:其他:delta,10,Mars-Sea/dsh-commandcode-provider,337,0,0,,0,其他,2026-08-14T11:38:54Z,2026-09-27T01:32:46Z,https://github.com/Mars-Sea/dsh-commandcode-provider
category:其他:active,1,YuJunZhiXue/dsh-purge,2399,40,0,3,1,其他,2026-08-19T07:41:12Z,2026-09-27T11:02:40Z,https://github.com/YuJunZhiXue/dsh-purge
category:其他:active,2,yyh-001/DSH-X,538,15,0,3,1,其他,2026-09-03T06:07:15Z,2026-09-27T09:36:50Z,https://github.com/yyh-001/DSH-X
category:其他:active,3,bruc3van/awesome-dsh-plugin,367,0,0,,0,其他,2026-08-13T13:24:25Z,2026-09-27T03:20:36Z,https://github.com/bruc3van/awesome-dsh-plugin
category:其他:active,4,Mars-Sea/dsh-commandcode-provider,337,0,0,,0,其他,2026-08-14T11:38:54Z,2026-09-27T01:32:46Z,https://github.com/Mars-Sea/dsh-commandcode-provider
category:其他:active,5,wenbin-wb/dsh-bridge,177,0,0,,0,其他,2026-08-18T03:29:50Z,2026-09-25T14:53:08Z,https://github.com/wenbin-wb/dsh-bridge
category:其他:active,6,PerryLink/dsh-research-report,175,1,0,,0,其他,2026-08-19T14:06:05Z,2026-09-25T01:36:00Z,https://github.com/PerryLink/dsh-research-report
category:其他:active,7,DDDMUC/dsh-free-search,258,4,0,,0,其他,2026-08-14T16:42:17Z,2026-09-24T15:59:05Z,https://github.com/DDDMUC/dsh-free-search
category:其他:active,8,SeaOf0/dsh-redteam-model,634,5,0,3,1,其他,2026-08-17T08:01:04Z,2026-09-24T11:58:47Z,https://github.com/SeaOf0/dsh-redteam-model
category:其他:active,9,Minglink/dsh-infinite-gen-4,2073,13,0,3,1,其他,2026-08-15T15:47:15Z,2026-09-23T15:22:22Z,https://github.com/Minglink/dsh-infinite-gen-4
category:其他:active,10,howmp/dsh-pentest,554,2,0,3,1,其他,2026-08-15T14:30:35Z,2026-09-22T11:17:05Z,https://github.com/howmp/dsh-pentest
category:其他:newest,1,yyh-001/DSH-X,538,15,0,3,1,其他,2026-09-03T06:07:15Z,2026-09-27T09:36:50Z,https://github.com/yyh-001/DSH-X
category:其他:newest,2,PerryLink/dsh-research-report,175,1,0,,0,其他,2026-08-19T14:06:05Z,2026-09-25T01:36:00Z,https://github.com/PerryLink/dsh-research-report
category:其他:newest,3,YuJunZhiXue/dsh-purge,2399,40,0,3,1,其他,2026-08-19T07:41:12Z,2026-09-27T11:02:40Z,https://github.com/YuJunZhiXue/dsh-purge
category:其他:newest,4,oil-oil/dsh-oil-creator,192,0,0,,0,其他,2026-08-19T05:02:00Z,2026-09-10T13:19:49Z,https://github.com/oil-oil/dsh-oil-creator
category:其他:newest,5,wenbin-wb/dsh-bridge,177,0,0,,0,其他,2026-08-18T03:29:50Z,2026-09-25T14:53:08Z,https://github.com/wenbin-wb/dsh-bridge
category:其他:newest,6,SeaOf0/dsh-redteam-model,634,5,0,3,1,其他,2026-08-17T08:01:04Z,2026-09-24T11:58:47Z,https://github.com/SeaOf0/dsh-redteam-model
category:其他:newest,7,Minglink/dsh-infinite-gen-4,2073,13,0,3,1,其他,2026-08-15T15:47:15Z,2026-09-23T15:22:22Z,https://github.com/Minglink/dsh-infinite-gen-4
category:其他:newest,8,howmp/dsh-pentest,554,2,0,3,1,其他,2026-08-15T14:30:35Z,2026-09-22T11:17:05Z,https://github.com/howmp/dsh-pentest
category:其他:newest,9,DDDMUC/dsh-free-search,258,4,0,,0,其他,2026-08-14T16:42:17Z,2026-09-24T15:59:05Z,https://github.com/DDDMUC/dsh-free-search
category:其他:newest,10,Mars-Sea/dsh-commandcode-provider,337,0,0,,0,其他,2026-08-14T11:38:54Z,2026-09-27T01:32:46Z,https://github.com/Mars-Sea/dsh-commandcode-provider
