list,rank,name,desc,stars,delta,is_new,score,category,created,pushed,url
leaderboard,1,anywhere-labs/dsh-desktop,为 DeepSeek Harness (DSH) 插件生态打造的现代化桌面端解决方案。万物皆「插件」，桌面本身也是「插件」。,30165,71,0,3,视觉,2026-08-13T16:30:50Z,2026-10-08T04:44:38Z,https://github.com/anywhere-labs/dsh-desktop
leaderboard,2,awesome-dsh-plugin/awesome-dsh-plugin,A curated list of plugins for DeepSeek Harness (dsh) · DeepSeek Harness 插件精选列表,18068,58,0,3,终端,2026-08-13T13:55:31Z,2026-10-08T12:31:23Z,https://github.com/awesome-dsh-plugin/awesome-dsh-plugin
leaderboard,3,dataelement/dsh-desktop,DSHDesktop：DeepSeek Harness Desktop / DeepSeek Harness 桌面版,12350,149,0,5,视觉,2026-08-13T13:45:50Z,2026-10-08T10:06:54Z,https://github.com/dataelement/dsh-desktop
leaderboard,4,yjh051108/dsh-routing-suite,dsh-routing-suite — injector + router-standard kit: install the runtime injector,7015,2,0,3,工作流,2026-08-14T21:20:55Z,2026-09-18T23:10:58Z,https://github.com/yjh051108/dsh-routing-suite
leaderboard,5,dsh-market/dsh-market,"The plugin market inside DeepSeek Harness — browse, search, one-click install · ",5834,78,0,3,视觉,2026-08-14T04:58:15Z,2026-10-08T12:43:42Z,https://github.com/dsh-market/dsh-market
leaderboard,6,MeteorNOX/DeepSeek-Balance-Whale-Widget,DeepSeek Harness（DSH）一只住在 DSH 界面右下角的小鲸鱼娘，帮你盯着DeepSeek账户余额。QQ弹弹，支持拖拽吸附、左吸附翻转、数字滚动,4253,48,0,3,视觉,2026-08-18T03:13:51Z,2026-10-07T15:24:21Z,https://github.com/MeteorNOX/DeepSeek-Balance-Whale-Widget
growth,1,dataelement/dsh-desktop,DSHDesktop：DeepSeek Harness Desktop / DeepSeek Harness 桌面版,12350,149,0,5,视觉,,,https://github.com/dataelement/dsh-desktop
growth,2,dsh-market/dsh-market,"The plugin market inside DeepSeek Harness — browse, search, one-click install · ",5834,78,0,3,视觉,,,https://github.com/dsh-market/dsh-market
growth,3,anywhere-labs/dsh-desktop,为 DeepSeek Harness (DSH) 插件生态打造的现代化桌面端解决方案。万物皆「插件」，桌面本身也是「插件」。,30165,71,0,3,视觉,,,https://github.com/anywhere-labs/dsh-desktop
growth,4,awesome-dsh-plugin/awesome-dsh-plugin,A curated list of plugins for DeepSeek Harness (dsh) · DeepSeek Harness 插件精选列表,18068,58,0,3,终端,,,https://github.com/awesome-dsh-plugin/awesome-dsh-plugin
growth,5,MeteorNOX/DeepSeek-Balance-Whale-Widget,DeepSeek Harness（DSH）一只住在 DSH 界面右下角的小鲸鱼娘，帮你盯着DeepSeek账户余额。QQ弹弹，支持拖拽吸附、左吸附翻转、数字滚动,4253,48,0,3,视觉,,,https://github.com/MeteorNOX/DeepSeek-Balance-Whale-Widget
growth,6,yjh051108/dsh-routing-suite,dsh-routing-suite — injector + router-standard kit: install the runtime injector,7015,2,0,3,工作流,,,https://github.com/yjh051108/dsh-routing-suite
